,timestamp,state,district,market,commodity,variety,arrival_date,min_price,max_price,modal_price
0,1619976905,Andhra Pradesh,Chittor,Mulakalacheruvu,Tomato,Local,02/05/2021,500,700,600
1,1619976905,Chattisgarh,Janjgir,Jaijaipur,Paddy(Dhan)(Common),1001,02/05/2021,1300,1300,1300
2,1619976905,Karnataka,Bellary,Hospet,Bunch Beans,Bunch Beans,02/05/2021,1900,1900,1900
3,1619976905,Karnataka,Bellary,Hospet,Cabbage,Cabbage,02/05/2021,500,600,600
4,1619976905,Karnataka,Bellary,Hospet,Garlic,Garlic,02/05/2021,2800,4000,3200
5,1619976905,Karnataka,Bellary,Hospet,Green Chilli,Green Chilly,02/05/2021,1000,1200,1200
6,1619976905,Karnataka,Bellary,Hospet,Gur(Jaggery),Achhu,02/05/2021,3125,3800,3125
7,1619976905,Karnataka,Bellary,Hospet,Onion,Local,02/05/2021,1600,1600,1600
8,1619976905,Karnataka,Bellary,Hospet,Potato,Potato,02/05/2021,1400,1400,1400
9,1619976905,Karnataka,Bellary,Hospet,Tomato,Tomato,02/05/2021,400,1000,800
10,1619976905,Karnataka,Kolar,Kolar,Beans,Beans (Whole),02/05/2021,4000,4500,4300
11,1619976905,Karnataka,Kolar,Kolar,Beetroot,Beetroot,02/05/2021,500,700,600
12,1619976905,Karnataka,Kolar,Kolar,Bhindi(Ladies Finger),Bhindi,02/05/2021,2000,2500,2300
13,1619976905,Karnataka,Kolar,Kolar,Bitter gourd,Bitter Gourd,02/05/2021,1500,2000,1700
14,1619976905,Karnataka,Kolar,Kolar,Brinjal,Brinjal,02/05/2021,800,1200,1000
15,1619976905,Karnataka,Kolar,Kolar,Cabbage,Cabbage,02/05/2021,500,700,600
16,1619976905,Karnataka,Kolar,Kolar,Capsicum,Capsicum,02/05/2021,1500,2000,1700
17,1619976905,Karnataka,Kolar,Kolar,Carrot,Carrot,02/05/2021,1200,1400,1300
18,1619976905,Karnataka,Kolar,Kolar,Cauliflower,Local,02/05/2021,800,1000,900
19,1619976905,Karnataka,Kolar,Kolar,Chapparad Avare,Chapparada Avarekai,02/05/2021,2000,2500,2300
20,1619976905,Karnataka,Kolar,Kolar,Chilly Capsicum,Chilly Capsicum,02/05/2021,2000,2500,2300
21,1619976905,Karnataka,Kolar,Kolar,Cucumbar(Kheera),Cucumbar,02/05/2021,200,400,300
22,1619976905,Karnataka,Kolar,Kolar,Green Chilli,Green Chilly,02/05/2021,4000,5000,4500
23,1619976905,Karnataka,Kolar,Kolar,Knool Khol,Knool Khol,02/05/2021,1000,1200,1100
24,1619976905,Karnataka,Kolar,Kolar,Onion,Other,02/05/2021,2000,2500,2300
25,1619976905,Karnataka,Kolar,Kolar,Potato,Local,02/05/2021,1200,1500,1300
26,1619976905,Karnataka,Kolar,Kolar,Raddish,Raddish,02/05/2021,600,800,700
27,1619976905,Karnataka,Kolar,Kolar,Ridge gourd(Tori),Ridgeguard(Tori),02/05/2021,1500,2000,1700
28,1619976905,Karnataka,Kolar,Kolar,Thondekai,Thondekai,02/05/2021,1200,1400,1300
29,1619976905,Karnataka,Kolar,Kolar,Tomato,Tomato,02/05/2021,300,800,500
30,1619976905,Kerala,Kollam,Anchal,Ashgourd,Other,02/05/2021,2800,3000,2900
31,1619976905,Madhya Pradesh,Neemuch,Manasa,Ajwan,Other,02/05/2021,100,100,100
32,1619976905,Maharashtra,Ahmednagar,Parner,Onion,Other,02/05/2021,200,1400,975
33,1619976905,Maharashtra,Akola,Balapur,Arhar (Tur/Red Gram)(Whole),Other,02/05/2021,6400,6600,6450
34,1619976905,Maharashtra,Akola,Balapur,Bengal Gram(Gram)(Whole),Average (Whole),02/05/2021,4710,5015,4900
35,1619976905,Maharashtra,Akola,Balapur,Black Gram (Urd Beans)(Whole),Other,02/05/2021,4000,4000,4000
36,1619976905,Maharashtra,Akola,Balapur,Jowar(Sorghum),Other,02/05/2021,1000,1000,1000
37,1619976905,Maharashtra,Akola,Balapur,Soyabean,Yellow,02/05/2021,6152,6900,6500
38,1619976905,Maharashtra,Akola,Balapur,Wheat,Other,02/05/2021,1450,2000,1800
39,1619976905,Maharashtra,Aurangabad,Sillod,Bajra(Pearl Millet/Cumbu),Other,02/05/2021,1250,1300,1300
40,1619976905,Maharashtra,Aurangabad,Sillod,Maize,Yellow,02/05/2021,1300,1500,1450
41,1619976905,Maharashtra,Aurangabad,Sillod,Soyabean,Other,02/05/2021,6500,7500,7000
42,1619976905,Maharashtra,Aurangabad,Sillod,Wheat,Other,02/05/2021,1650,1750,1700
43,1619976905,Maharashtra,Hingoli,Kalamnuri,Bengal Gram(Gram)(Whole),Other,02/05/2021,4500,5100,5000
44,1619976905,Maharashtra,Kolhapur,Kolhapur,Apple,Other,02/05/2021,9000,12500,10750
45,1619976905,Maharashtra,Kolhapur,Kolhapur,Brinjal,Other,02/05/2021,500,2000,1250
46,1619976905,Maharashtra,Kolhapur,Kolhapur,Cabbage,Other,02/05/2021,200,500,350
47,1619976905,Maharashtra,Kolhapur,Kolhapur,Cauliflower,Other,02/05/2021,500,1250,875
48,1619976905,Maharashtra,Kolhapur,Kolhapur,Coriander(Leaves),Other,02/05/2021,3500,8400,5950
49,1619976905,Maharashtra,Kolhapur,Kolhapur,Green Chilli,Other,02/05/2021,1000,2000,1500
50,1619976905,Maharashtra,Kolhapur,Kolhapur,Lime,Other,02/05/2021,1500,6750,4125
51,1619976905,Maharashtra,Kolhapur,Kolhapur,Methi(Leaves),Other,02/05/2021,5600,11200,8400
52,1619976905,Maharashtra,Kolhapur,Kolhapur,Tomato,Other,02/05/2021,300,1300,800
53,1619976905,Maharashtra,Latur,Udgir,Arhar (Tur/Red Gram)(Whole),Other,02/05/2021,6600,6650,6625
54,1619976905,Maharashtra,Latur,Udgir,Tamarind Fruit,Other,02/05/2021,5000,6400,5700
55,1619976905,Maharashtra,Nagpur,Katol,Arhar (Tur/Red Gram)(Whole),Other,02/05/2021,5850,6540,6125
56,1619976905,Maharashtra,Nagpur,Katol,Bengal Gram(Gram)(Whole),Other,02/05/2021,4300,5085,4698
57,1619976905,Maharashtra,Nagpur,Katol,Soyabean,Yellow,02/05/2021,5800,6970,6485
58,1619976905,Maharashtra,Nagpur,Katol,Wheat,Other,02/05/2021,1660,1661,1660
59,1619976905,Maharashtra,Pune,Dound,Bajra(Pearl Millet/Cumbu),Other,02/05/2021,1400,1700,1600
60,1619976905,Maharashtra,Pune,Dound,Jowar(Sorghum),Jowar ( White),02/05/2021,1800,1875,1800
61,1619976905,Maharashtra,Pune,Dound,Wheat,Maharashtra 2189,02/05/2021,1700,1875,1800
62,1619976905,Maharashtra,Pune,Junnar(Alephata),Onion,Other,02/05/2021,350,1400,750
63,1619976905,Maharashtra,Pune,Junnar(Alephata),Pomegranate,Other,02/05/2021,5500,15500,10500
64,1619976905,Maharashtra,Satara,Satara,Bhindi(Ladies Finger),Other,02/05/2021,1500,2000,1750
65,1619976905,Maharashtra,Satara,Satara,Bitter gourd,Other,02/05/2021,1000,1500,1250
66,1619976905,Maharashtra,Satara,Satara,Bottle gourd,Other,02/05/2021,600,800,700
67,1619976905,Maharashtra,Satara,Satara,Brinjal,Other,02/05/2021,1000,1500,1250
68,1619976905,Maharashtra,Satara,Satara,Cabbage,Other,02/05/2021,400,500,450
69,1619976905,Maharashtra,Satara,Satara,Carrot,Other,02/05/2021,1000,1500,1250
70,1619976905,Maharashtra,Satara,Satara,Cauliflower,Other,02/05/2021,2000,2500,2250
71,1619976905,Maharashtra,Satara,Satara,Chilly Capsicum,Other,02/05/2021,2000,2500,2250
72,1619976905,Maharashtra,Satara,Satara,Cucumbar(Kheera),Other,02/05/2021,800,1000,900
73,1619976905,Maharashtra,Satara,Satara,Drumstick,Other,02/05/2021,1000,1500,1250
74,1619976905,Maharashtra,Satara,Satara,Ginger(Green),Other,02/05/2021,1000,1500,1250
75,1619976905,Maharashtra,Satara,Satara,Green Chilli,Other,02/05/2021,1000,1500,1250
76,1619976905,Maharashtra,Satara,Satara,Guar,Other,02/05/2021,2000,3000,2500
77,1619976905,Maharashtra,Satara,Satara,Onion,Other,02/05/2021,1000,1200,1100
78,1619976905,Maharashtra,Satara,Satara,Peas Wet,Other,02/05/2021,7000,8000,7500
79,1619976905,Maharashtra,Satara,Satara,Potato,Other,02/05/2021,1000,1600,1300
80,1619976905,Maharashtra,Satara,Satara,Tomato,Other,02/05/2021,800,1000,900
81,1619976905,Maharashtra,Satara,Vai,Bhindi(Ladies Finger),Other,02/05/2021,2500,3000,2750
82,1619976905,Maharashtra,Satara,Vai,Bottle gourd,Other,02/05/2021,1000,1200,1100
83,1619976905,Maharashtra,Satara,Vai,Brinjal,Other,02/05/2021,1200,1500,1350
84,1619976905,Maharashtra,Satara,Vai,Cabbage,Other,02/05/2021,700,800,750
85,1619976905,Maharashtra,Satara,Vai,Cucumbar(Kheera),Other,02/05/2021,1000,1200,1100
86,1619976905,Maharashtra,Satara,Vai,Ginger(Green),Other,02/05/2021,1800,2200,2000
87,1619976905,Maharashtra,Satara,Vai,Guar,Other,02/05/2021,2500,3000,2750
88,1619976905,Maharashtra,Satara,Vai,Potato,Other,02/05/2021,1300,1600,1450
89,1619976905,Maharashtra,Satara,Vai,Tomato,Local,02/05/2021,500,1100,800
90,1619976905,Maharashtra,Thane,Shahapur,Bhindi(Ladies Finger),Other,02/05/2021,1000,1200,1100
91,1619976905,Maharashtra,Thane,Shahapur,Guar,Other,02/05/2021,2000,2200,2100
92,1619976905,Odisha,Angul,Angul,Brinjal,Other,02/05/2021,1500,2000,1800
93,1619976905,Odisha,Angul,Angul(Jarapada),Brinjal,Other,02/05/2021,1500,2000,1800
94,1619976905,Odisha,Angul,Angul(Jarapada),Onion,Other,02/05/2021,1800,2000,2000
95,1619976905,Odisha,Bargarh,Godabhaga,Paddy(Dhan)(Common),Other,02/05/2021,1868,1888,1868
96,1619976905,Odisha,Ganjam,Hinjilicut,Brinjal,Other,02/05/2021,1800,2500,2000
97,1619976905,Odisha,Ganjam,Hinjilicut,Onion,Other,02/05/2021,1800,2500,2000
98,1619976905,Odisha,Mayurbhanja,Betnoti,Bhindi(Ladies Finger),Bhindi,02/05/2021,2000,3000,2500
99,1619976905,Odisha,Mayurbhanja,Betnoti,Brinjal,Other,02/05/2021,2000,3000,2500
100,1619976905,Odisha,Mayurbhanja,Betnoti,Fish,Other,02/05/2021,16000,20000,18000
101,1619976905,Odisha,Mayurbhanja,Betnoti,Onion,Other,02/05/2021,1800,2200,2000
102,1619976905,Odisha,Mayurbhanja,Betnoti,Pointed gourd (Parval),Other,02/05/2021,5000,8000,6000
103,1619976905,Odisha,Mayurbhanja,Betnoti,Potato,Potato,02/05/2021,1200,1500,1300
104,1619976905,Odisha,Mayurbhanja,Betnoti,Ridge gourd(Tori),Ridgeguard(Tori),02/05/2021,2500,4000,3000
105,1619976905,Odisha,Mayurbhanja,Betnoti,Tomato,Tomato,02/05/2021,800,1500,1000
106,1619976905,Odisha,Rayagada,Gunpur,Brinjal,Other,02/05/2021,3000,3050,3050
107,1619976905,Odisha,Rayagada,Rayagada(Muniguda),Tomato,Other,02/05/2021,3100,3150,3150
108,1619976905,Odisha,Sundergarh,Panposh,Bhindi(Ladies Finger),Other,02/05/2021,1200,1600,1500
109,1619976905,Odisha,Sundergarh,Panposh,Brinjal,Other,02/05/2021,1200,1600,1500
110,1619976905,Odisha,Sundergarh,Panposh,Cabbage,Other,02/05/2021,600,1000,900
111,1619976905,Odisha,Sundergarh,Panposh,Cauliflower,Other,02/05/2021,2600,3000,2900
112,1619976905,Odisha,Sundergarh,Panposh,Tomato,Other,02/05/2021,1200,1600,1500
113,1619976905,Punjab,Amritsar,Chogawan,Cauliflower,Cauliflower,02/05/2021,600,700,650
114,1619976905,Punjab,Amritsar,Majitha,Cauliflower,Cauliflower,02/05/2021,700,700,700
115,1619976905,Punjab,Amritsar,Majitha,Cucumbar(Kheera),Cucumbar,02/05/2021,600,600,600
116,1619976905,Punjab,Barnala,Bhadaur,Wheat,Other,02/05/2021,1975,1975,1975
117,1619976905,Punjab,Barnala,Bhadaur(Sehna),Wheat,Other,02/05/2021,1975,1975,1975
118,1619976905,Punjab,Barnala,Mehal Kalan,Wheat,Other,02/05/2021,1975,1975,1975
119,1619976905,Punjab,Bhatinda,Sangat,Wheat,Other,02/05/2021,1975,1975,1975
120,1619976905,Punjab,Faridkot,Faridkot,Wheat,Other,02/05/2021,1975,1975,1975
121,1619976905,Punjab,Faridkot,Sadiq,Wheat,Other,02/05/2021,1975,1975,1975
122,1619976905,Punjab,Fatehgarh,Amloh,Wheat,147 Best,02/05/2021,1975,1975,1975
123,1619976905,Punjab,Fazilka,Abohar,Wheat,Other,02/05/2021,1975,1975,1975
124,1619976905,Punjab,Fazilka,Jalalabad,Wheat,Other,02/05/2021,1975,1975,1975
125,1619976905,Punjab,Gurdaspur,Dera Baba Nanak,Pumpkin,Other,02/05/2021,1100,1300,1200
126,1619976905,Punjab,Gurdaspur,Dinanagar,Onion,Other,02/05/2021,1400,1500,1450
127,1619976905,Punjab,Gurdaspur,Kahnuwan,Wheat,147 Average,02/05/2021,1975,1975,1975
128,1619976905,Punjab,kapurthala,Sultanpur,Bhindi(Ladies Finger),Other,02/05/2021,1200,1250,1250
129,1619976905,Punjab,kapurthala,Sultanpur,Bitter gourd,Other,02/05/2021,800,1200,1000
130,1619976905,Punjab,kapurthala,Sultanpur,Cauliflower,Other,02/05/2021,750,1120,1000
131,1619976905,Punjab,kapurthala,Sultanpur,Pumpkin,Other,02/05/2021,500,850,800
132,1619976905,Punjab,kapurthala,Sultanpur,Round gourd,Other,02/05/2021,800,1050,1000
133,1619976905,Punjab,kapurthala,Sultanpur,Tomato,Other,02/05/2021,1200,1600,1500
134,1619976905,Punjab,kapurthala,Sultanpur,Wheat,Other,02/05/2021,1975,1975,1975
135,1619976905,Punjab,Ludhiana,Sahnewal,Wheat,Other,02/05/2021,1975,1975,1975
136,1619976905,Punjab,Mansa,Bareta,Wheat,Other,02/05/2021,1975,1975,1975
137,1619976905,Punjab,Mansa,Bhikhi,Wheat,Other,02/05/2021,1975,1975,1975
138,1619976905,Punjab,Mansa,Boha,Wheat,Other,02/05/2021,1975,1975,1975
139,1619976905,Punjab,Moga,Badhni Kallan (Bilaspur),Wheat,Other,02/05/2021,1975,1975,1975
140,1619976905,Punjab,Moga,Dharamkot,Wheat,Other,02/05/2021,1975,1975,1975
141,1619976905,Punjab,Mohali,Banur,Potato,Other,02/05/2021,500,700,700
142,1619976905,Punjab,Mohali,Banur (Kheragaju),Pumpkin,Other,02/05/2021,800,1000,1000
143,1619976905,Punjab,Mohali,Banur (Kheragaju),Wheat,147 Average,02/05/2021,1975,1975,1975
144,1619976905,Punjab,Muktsar,Bariwala,Wheat,Other,02/05/2021,1975,1975,1975
145,1619976905,Punjab,Sangrur,Bhawanigarh,Wheat,Other,02/05/2021,1975,1975,1975
146,1619976905,Punjab,Tarntaran,Patti,Apple,Other,02/05/2021,9000,10000,9500
147,1619976905,Punjab,Tarntaran,Patti,Banana,Other,02/05/2021,1400,1700,1500
148,1619976905,Punjab,Tarntaran,Patti,Bitter gourd,Other,02/05/2021,2000,2500,2200
149,1619976905,Punjab,Tarntaran,Patti,Brinjal,Other,02/05/2021,800,1000,900
150,1619976905,Punjab,Tarntaran,Patti,Capsicum,Other,02/05/2021,500,600,600
151,1619976905,Punjab,Tarntaran,Patti,Cauliflower,Other,02/05/2021,1400,1800,1600
152,1619976905,Punjab,Tarntaran,Patti,Coriander(Leaves),Other,02/05/2021,500,600,600
153,1619976905,Punjab,Tarntaran,Patti,Cucumbar(Kheera),Other,02/05/2021,500,600,500
154,1619976905,Punjab,Tarntaran,Patti,Garlic,Other,02/05/2021,3000,5000,4000
155,1619976905,Punjab,Tarntaran,Patti,Ginger(Dry),Other,02/05/2021,2500,3000,2700
156,1619976905,Punjab,Tarntaran,Patti,Grapes,Other,02/05/2021,5000,6000,5500
157,1619976905,Punjab,Tarntaran,Patti,Green Chilli,Other,02/05/2021,1500,2000,1800
158,1619976905,Punjab,Tarntaran,Patti,Karbuja(Musk Melon),Other,02/05/2021,1400,1700,1500
159,1619976905,Punjab,Tarntaran,Patti,Little gourd (Kundru),Other,02/05/2021,1000,1500,1200
160,1619976905,Punjab,Tarntaran,Patti,Onion,Other,02/05/2021,1000,1500,1300
161,1619976905,Punjab,Tarntaran,Patti,Papaya,Other,02/05/2021,1800,2300,2000
162,1619976905,Punjab,Tarntaran,Patti,Potato,Other,02/05/2021,500,700,600
163,1619976905,Punjab,Tarntaran,Patti,Pumpkin,Other,02/05/2021,400,700,500
164,1619976905,Punjab,Tarntaran,Patti,Raddish,Other,02/05/2021,700,800,800
165,1619976905,Punjab,Tarntaran,Patti,Tomato,Other,02/05/2021,1000,1800,1400
166,1619976905,Punjab,Tarntaran,Patti,Water Melon,Other,02/05/2021,500,700,600
167,1619976905,Punjab,Tarntaran,Patti,Wheat,147 Average,02/05/2021,1975,1975,1975
168,1619976905,Tamil Nadu,Coimbatore,Madathukulam,Coconut,Coconut,02/05/2021,2500,2700,2600
169,1619976905,Tamil Nadu,Coimbatore,Madathukulam,Paddy(Dhan)(Common),Other,02/05/2021,1750,1775,1765
170,1619976905,Tripura,Dhalai,Chowmanu,Bhindi(Ladies Finger),Bhindi,02/05/2021,6000,7000,6500
171,1619976905,Tripura,Dhalai,Chowmanu,Cowpea(Veg),Cowpea (Veg),02/05/2021,4000,5000,4500
172,1619976905,Tripura,Dhalai,Chowmanu,Cucumbar(Kheera),Cucumbar,02/05/2021,4000,5000,4500
173,1619976905,Tripura,Dhalai,Kulai,Amaranthus,Amaranthus,02/05/2021,400,600,500
174,1619976905,Tripura,Dhalai,Kulai,Bhindi(Ladies Finger),Bhindi,02/05/2021,1800,2000,1900
175,1619976905,Tripura,Dhalai,Kulai,Bitter gourd,Bitter Gourd,02/05/2021,2300,2500,2400
176,1619976905,Tripura,Dhalai,Kulai,Green Chilli,Green Chilly,02/05/2021,3800,4000,3900
177,1619976905,Tripura,Dhalai,Kulai,Potato,Local,02/05/2021,1300,1500,1400
178,1619976905,Tripura,Dhalai,Masli,Bhindi(Ladies Finger),Bhindi,02/05/2021,3000,4000,3500
179,1619976905,Tripura,Dhalai,Masli,Bitter gourd,Bitter Gourd,02/05/2021,3000,4000,3500
180,1619976905,Tripura,Dhalai,Masli,Brinjal,Round/Long,02/05/2021,2000,3000,2500
181,1619976905,Tripura,Dhalai,Masli,Cock,Boiler/Firm(White),02/05/2021,150,200,180
182,1619976905,Tripura,Dhalai,Masli,Green Chilli,Green Chilly,02/05/2021,5000,6000,5500
183,1619976905,Tripura,Dhalai,Masli,Potato,Local,02/05/2021,1600,2000,1800
184,1619976905,Tripura,Dhalai,Masli,Ridge gourd(Tori),Ridgeguard(Tori),02/05/2021,3500,4000,3600
185,1619976905,Tripura,Gomati,Garjee,Bhindi(Ladies Finger),Bhindi,02/05/2021,2500,3000,2750
186,1619976905,Tripura,Gomati,Garjee,Bitter gourd,Bitter Gourd,02/05/2021,2500,3000,2780
187,1619976905,Tripura,Gomati,Garjee,Brinjal,Round/Long,02/05/2021,2500,3000,2750
188,1619976905,Tripura,Gomati,Garjee,French Beans (Frasbean),French Beans (Frasbean),02/05/2021,3000,3500,3370
189,1619976905,Tripura,Gomati,Garjee,Potato,Jalander,02/05/2021,1300,1400,1370
190,1619976905,Tripura,Gomati,Garjee,Ridge gourd(Tori),Ridgeguard(Tori),02/05/2021,3000,3500,3470
191,1619976905,Tripura,Gomati,Garjee,Sponge gourd,Sponge gourd,02/05/2021,8000,9000,8950
192,1619976905,Tripura,North Tripura,Panisagar,Bhindi(Ladies Finger),Bhindi,02/05/2021,2000,2200,2100
193,1619976905,Tripura,North Tripura,Panisagar,Bottle gourd,Bottle Gourd,02/05/2021,1400,1500,1450
194,1619976905,Tripura,North Tripura,Panisagar,Brinjal,Round/Long,02/05/2021,2000,2500,2250
195,1619976905,Tripura,North Tripura,Panisagar,Cowpea(Veg),Cowpea (Veg),02/05/2021,2150,2200,2175
196,1619976905,Tripura,North Tripura,Panisagar,Ginger(Green),Green Ginger,02/05/2021,3900,4000,3950
197,1619976905,Tripura,Sepahijala,Sonamura,Banana - Green,Banana - Green,02/05/2021,4000,6000,5000
198,1619976905,Tripura,Sepahijala,Sonamura,Bhindi(Ladies Finger),Bhindi,02/05/2021,2200,3000,2400
199,1619976905,Tripura,Sepahijala,Sonamura,Bitter gourd,Bitter Gourd,02/05/2021,3000,4000,3500
200,1619976905,Tripura,Sepahijala,Sonamura,Brinjal,Round/Long,02/05/2021,2400,3000,2800
201,1619976905,Tripura,Sepahijala,Sonamura,Cock,Boiler/Firm(White),02/05/2021,230,250,240
202,1619976905,Tripura,Sepahijala,Sonamura,Cucumbar(Kheera),Cucumbar,02/05/2021,3000,3500,3200
203,1619976905,Tripura,Sepahijala,Sonamura,Fish,Katla(Big),02/05/2021,29000,31000,30000
204,1619976905,Tripura,South District,Biokhora,Banana - Green,Banana - Green,02/05/2021,1800,2000,1900
205,1619976905,Tripura,South District,Biokhora,Bitter gourd,Bitter Gourd,02/05/2021,3000,4000,3200
206,1619976905,Tripura,South District,Biokhora,Cowpea(Veg),Cowpea (Veg),02/05/2021,3000,4000,3500
207,1619976905,Tripura,South District,Biokhora,Green Chilli,Green Chilly,02/05/2021,6000,8000,6500
208,1619976905,Tripura,South District,Biokhora,Ridge gourd(Tori),Ridgeguard(Tori),02/05/2021,3000,4000,3500
209,1619976905,Tripura,Unokoti,Pabiacherra,Amaranthus,Amaranthus,02/05/2021,450,500,480
210,1619976905,Tripura,Unokoti,Pabiacherra,Ashgourd,Ashgourd,02/05/2021,2000,2200,2050
211,1619976905,Tripura,Unokoti,Pabiacherra,Banana,Champa,02/05/2021,1060,1200,1120
212,1619976905,Tripura,Unokoti,Pabiacherra,Banana - Green,Banana - Green,02/05/2021,1250,1300,1280
213,1619976905,Tripura,Unokoti,Pabiacherra,Bhindi(Ladies Finger),Bhindi,02/05/2021,2200,2400,2260
214,1619976905,Tripura,Unokoti,Pabiacherra,Bitter gourd,Bitter Gourd,02/05/2021,2600,3000,2800
215,1619976905,Tripura,Unokoti,Pabiacherra,Brinjal,Round/Long,02/05/2021,3000,3400,3200
216,1619976905,Tripura,Unokoti,Pabiacherra,Cowpea(Veg),Cowpea (Veg),02/05/2021,2200,2400,2260
217,1619976905,Tripura,Unokoti,Pabiacherra,Drumstick,Drumstick,02/05/2021,160,250,200
218,1619976905,Tripura,Unokoti,Pabiacherra,Ginger(Green),Green Ginger,02/05/2021,5800,6200,6000
219,1619976905,Tripura,Unokoti,Pabiacherra,Green Chilli,Green Chilly,02/05/2021,6000,6500,6250
220,1619976905,Tripura,Unokoti,Pabiacherra,Leafy Vegetable,Leafy Vegetables,02/05/2021,500,550,520
221,1619976905,Tripura,Unokoti,Pabiacherra,Papaya (Raw),Papaya (Raw),02/05/2021,2200,2400,2250
222,1619976905,Tripura,Unokoti,Pabiacherra,Pointed gourd (Parval),Pointed gourd (Parval),02/05/2021,5000,5250,5200
223,1619976905,Tripura,Unokoti,Pabiacherra,Potato,Other,02/05/2021,1320,1410,1360
224,1619976905,Tripura,Unokoti,Pabiacherra,Rice,Other,02/05/2021,2860,3010,2900
225,1619976905,Tripura,Unokoti,Pabiacherra,Ridge gourd(Tori),Ridgeguard(Tori),02/05/2021,2800,3000,2820
226,1619976905,Tripura,Unokoti,Pabiacherra,Sweet Pumpkin,Other,02/05/2021,1600,1800,1750
227,1619976905,Uttar Pradesh,Agra,Achnera,Bottle gourd,Bottle Gourd,02/05/2021,720,800,760
228,1619976905,Uttar Pradesh,Agra,Achnera,Cabbage,Cabbage,02/05/2021,720,820,770
229,1619976905,Uttar Pradesh,Agra,Achnera,Cauliflower,Cauliflower,02/05/2021,1420,1500,1460
230,1619976905,Uttar Pradesh,Agra,Achnera,Green Chilli,Green Chilly,02/05/2021,2300,2380,2340
231,1619976905,Uttar Pradesh,Agra,Achnera,Onion,Red,02/05/2021,1360,1440,1400
232,1619976905,Uttar Pradesh,Agra,Achnera,Potato,Desi,02/05/2021,750,810,780
233,1619976905,Uttar Pradesh,Agra,Achnera,Pumpkin,Pumpkin,02/05/2021,700,780,740
234,1619976905,Uttar Pradesh,Agra,Achnera,Tomato,Deshi,02/05/2021,600,700,650
235,1619976905,Uttar Pradesh,Badaun,Babrala,Wheat,Dara,02/05/2021,1800,1850,1830
236,1619976905,Uttar Pradesh,Baghpat,Khekda,Bottle gourd,Bottle Gourd,02/05/2021,900,1100,1000
237,1619976905,Uttar Pradesh,Baghpat,Khekda,Brinjal,Round/Long,02/05/2021,1300,1500,1400
238,1619976905,Uttar Pradesh,Baghpat,Khekda,Cucumbar(Kheera),Cucumbar,02/05/2021,600,800,700
239,1619976905,Uttar Pradesh,Baghpat,Khekda,Karbuja(Musk Melon),Karbhuja,02/05/2021,1700,1900,1800
240,1619976905,Uttar Pradesh,Baghpat,Khekda,Onion,Red,02/05/2021,1300,1500,1400
241,1619976905,Uttar Pradesh,Baghpat,Khekda,Potato,Potato,02/05/2021,700,900,800
242,1619976905,Uttar Pradesh,Baghpat,Khekda,Pumpkin,Pumpkin,02/05/2021,500,700,600
243,1619976905,Uttar Pradesh,Baghpat,Khekda,Tomato,Local,02/05/2021,500,700,600
244,1619976905,Uttar Pradesh,Baghpat,Khekda,Water Melon,Other,02/05/2021,900,1100,1000
245,1619976905,Uttar Pradesh,Barabanki,Rudauli,Bottle gourd,Bottle Gourd,02/05/2021,900,1100,1000
246,1619976905,Uttar Pradesh,Barabanki,Rudauli,Cucumbar(Kheera),Cucumbar,02/05/2021,910,1010,960
247,1619976905,Uttar Pradesh,Barabanki,Rudauli,Green Chilli,Green Chilly,02/05/2021,2580,2650,2610
248,1619976905,Uttar Pradesh,Barabanki,Rudauli,Onion,Red,02/05/2021,1400,1480,1440
249,1619976905,Uttar Pradesh,Barabanki,Rudauli,Potato,Desi,02/05/2021,1000,1100,1050
250,1619976905,Uttar Pradesh,Barabanki,Rudauli,Pumpkin,Pumpkin,02/05/2021,1000,1100,1050
251,1619976905,Uttar Pradesh,Barabanki,Rudauli,Tomato,Deshi,02/05/2021,800,1000,900
252,1619976905,Uttar Pradesh,Barabanki,Rudauli,Wheat,Dara,02/05/2021,1930,2025,1975
253,1619976905,Uttar Pradesh,Bhadohi(Sant Ravi Nagar),Gopiganj,Potato,Potato,02/05/2021,800,800,800
254,1619976905,Uttar Pradesh,Bijnor,Haldaur,Wheat,Dara,02/05/2021,1650,1800,1700
255,1619976905,Uttar Pradesh,Farukhabad,Kamlaganj,Onion,Red,02/05/2021,1400,1500,1450
256,1619976905,Uttar Pradesh,Farukhabad,Kamlaganj,Potato,Desi,02/05/2021,700,900,800
257,1619976905,Uttar Pradesh,Jhansi,Moth,Cucumbar(Kheera),Cucumbar,02/05/2021,1040,1130,1100
258,1619976905,Uttar Pradesh,Jhansi,Moth,Green Chilli,Green Chilly,02/05/2021,2285,2365,2340
259,1619976905,Uttar Pradesh,Jhansi,Moth,Onion,Red,02/05/2021,1055,1200,1160
260,1619976905,Uttar Pradesh,Jhansi,Moth,Potato,Desi,02/05/2021,870,1000,960
261,1619976905,Uttar Pradesh,Jhansi,Moth,Tomato,Deshi,02/05/2021,725,820,790
262,1619976905,Uttar Pradesh,Muradabad,Sambhal,Apple,Delicious,02/05/2021,7800,9500,8500
263,1619976905,Uttar Pradesh,Muradabad,Sambhal,Bottle gourd,Bottle Gourd,02/05/2021,450,600,500
264,1619976905,Uttar Pradesh,Muradabad,Sambhal,Brinjal,Round/Long,02/05/2021,450,600,500
265,1619976905,Uttar Pradesh,Muradabad,Sambhal,Cauliflower,Cauliflower,02/05/2021,400,700,550
266,1619976905,Uttar Pradesh,Muradabad,Sambhal,Onion,Red,02/05/2021,500,1000,600
267,1619976905,Uttar Pradesh,Muradabad,Sambhal,Potato,Desi,02/05/2021,400,550,500
268,1619976905,Uttar Pradesh,Muradabad,Sambhal,Tomato,Deshi,02/05/2021,450,1050,800
269,1619976905,West Bengal,Bankura,Bishnupur(Bankura),Onion,Nasik,02/05/2021,2000,2200,2100
270,1619976905,West Bengal,Bankura,Bishnupur(Bankura),Potato,Jyoti,02/05/2021,1000,1050,1020
271,1619976905,West Bengal,Bankura,Bishnupur(Bankura),Rice,Common,02/05/2021,2600,2700,2650
272,1619976905,West Bengal,Bankura,Bishnupur(Bankura),Rice,Fine,02/05/2021,2850,3000,2900
273,1619976905,West Bengal,Bankura,Khatra,Cucumbar(Kheera),Cucumbar,02/05/2021,1500,1900,1600
274,1619976905,West Bengal,Bankura,Khatra,Potato,Jyoti,02/05/2021,1000,1050,1020
275,1619976905,West Bengal,Bankura,Khatra,Sweet Pumpkin,Sweet Pumpkin,02/05/2021,650,900,700
276,1619976905,West Bengal,Birbhum,Birbhum,Green Chilli,Green Chilly,02/05/2021,5000,7000,6000
277,1619976905,West Bengal,Birbhum,Birbhum,Onion,Other,02/05/2021,2000,2300,2100
278,1619976905,West Bengal,Birbhum,Birbhum,Paddy(Dhan)(Common),Common,02/05/2021,1810,1880,1850
279,1619976905,West Bengal,Birbhum,Birbhum,Potato,Other,02/05/2021,800,1000,900
280,1619976905,West Bengal,Birbhum,Birbhum,Rice,Common,02/05/2021,2410,2490,2430
281,1619976905,West Bengal,Birbhum,Birbhum,Tomato,Other,02/05/2021,700,1000,820
282,1619976905,West Bengal,Birbhum,Bolpur,Green Chilli,Green Chilly,02/05/2021,2000,2300,2100
283,1619976905,West Bengal,Birbhum,Bolpur,Paddy(Dhan)(Common),Common,02/05/2021,1810,1890,1830
284,1619976905,West Bengal,Birbhum,Bolpur,Potato,Jyoti,02/05/2021,810,1000,900
285,1619976905,West Bengal,Birbhum,Bolpur,Rice,Common,02/05/2021,2000,2300,2100
286,1619976905,West Bengal,Kolkata,Sealdah Koley Market,Bhindi(Ladies Finger),Other,02/05/2021,2400,3000,2800
287,1619976905,West Bengal,Kolkata,Sealdah Koley Market,Bitter gourd,Other,02/05/2021,3000,3600,3000
288,1619976905,West Bengal,Kolkata,Sealdah Koley Market,Brinjal,Other,02/05/2021,2000,4000,3000
289,1619976905,West Bengal,Kolkata,Sealdah Koley Market,Green Chilli,Other,02/05/2021,3500,4000,3600
290,1619976905,West Bengal,Kolkata,Sealdah Koley Market,Rice,Fine,02/05/2021,2650,2700,2700
291,1619976905,West Bengal,Kolkata,Sealdah Koley Market,Tomato,Other,02/05/2021,1200,1600,1400
292,1619976905,West Bengal,North 24 Parganas,Barasat,Bitter gourd,Other,02/05/2021,3000,3000,3000
293,1619976905,West Bengal,North 24 Parganas,Barasat,Brinjal,Other,02/05/2021,3000,3000,3000
294,1619976905,West Bengal,North 24 Parganas,Barasat,Green Chilli,Other,02/05/2021,3000,3000,3000
295,1619976905,West Bengal,North 24 Parganas,Barasat,Onion,Other,02/05/2021,2000,2000,2000
296,1619976905,West Bengal,North 24 Parganas,Barasat,Potato,Other,02/05/2021,1220,1220,1220
297,1619976905,West Bengal,North 24 Parganas,Barasat,Pumpkin,Other,02/05/2021,1000,1000,1000
298,1619976905,West Bengal,North 24 Parganas,Barasat,Tomato,Other,02/05/2021,800,800,800
299,1619976905,West Bengal,North 24 Parganas,Habra,Bitter gourd,Other,02/05/2021,3000,3200,3000
300,1619976905,West Bengal,North 24 Parganas,Habra,Brinjal,Other,02/05/2021,3200,3500,3300
301,1619976905,West Bengal,North 24 Parganas,Habra,Green Chilli,Other,02/05/2021,3400,3625,3500
302,1619976905,West Bengal,North 24 Parganas,Habra,Onion,Other,02/05/2021,1900,2000,2000
303,1619976905,West Bengal,North 24 Parganas,Habra,Papaya (Raw),Other,02/05/2021,1900,2350,2100
304,1619976905,West Bengal,North 24 Parganas,Habra,Potato,Other,02/05/2021,1200,1220,1200
305,1619976905,West Bengal,North 24 Parganas,Habra,Pumpkin,Other,02/05/2021,600,900,700
306,1619976905,West Bengal,North 24 Parganas,Habra,Tomato,Other,02/05/2021,900,1100,900
307,1619976905,West Bengal,Puruliya,Purulia,Brinjal,Other,02/05/2021,1100,1300,1200
308,1619976905,West Bengal,Puruliya,Purulia,Gur(Jaggery),Other,02/05/2021,3260,3350,3300
309,1619976905,West Bengal,Puruliya,Purulia,Onion,Other,02/05/2021,1500,1800,1600
310,1619976905,West Bengal,Puruliya,Purulia,Potato,Jyoti,02/05/2021,1000,1040,1020
311,1619976905,West Bengal,Puruliya,Purulia,Pumpkin,Other,02/05/2021,900,1100,1000
312,1619976905,West Bengal,Puruliya,Purulia,Tomato,Other,02/05/2021,900,1000,1000
